label;P;P_set
power;173118.89509232467;False
heat system;499999.99999999994;True
ti;0.0;False
heat storage;336119.84489610296;False
