label;P;P_set
power;234159.22416957802;False
heat system;999916.0016801191;True
ti;0.0;False
heat storage;772320.0552173927;False
