label;P;P_set
power;606931.3309039088;False
heat system;2000000.0000000005;True
ti;0.0;False
heat storage;1408241.952368689;False
