label;P;P_set
power;173118.89509233506;False
heat system;499999.9999999999;True
ti;0.0;False
heat storage;336119.8448960932;False
