label;P;P_set
power;170599.2937040477;False
heat system;499999.99999999994;True
ti;0.0;False
heat storage;339968.6256108856;False
