label;P;P_set
power;303465.6654519534;False
heat system;1000000.0000000001;True
ti;0.0;False
heat storage;704120.9761843451;False
