label;P;P_set
power;297688.26747219486;False
heat system;1000000.0000000001;True
ti;0.0;False
heat storage;708265.4978772494;False
