label;P;P_set
power;240942.12557870342;False
heat system;1000000.0000000002;True
ti;0.0;False
heat storage;765081.4275607651;False
