label;P;P_set
power;251605.73038153502;False
heat system;999999.9999997492;True
ti;0.0;False
heat storage;754217.0282137942;False
