label;P;P_set
power;170599.33125741265;False
heat system;499999.99999999994;True
ti;0.0;False
heat storage;339968.5862924181;False
