label;P;P_set
power;285635.3614010861;False
heat system;1000000.0000000003;True
ti;0.0;False
heat storage;721510.877815786;False
