label;P;P_set
power;183349.40929753066;False
heat system;624990.0000000002;True
ti;0.0;False
heat storage;450360.2908159741;False
