label;P;P_set
power;170599.29370404023;False
heat system;500000.00000000006;True
ti;0.0;False
heat storage;339968.6256108936;False
