label;P;P_set
power;303465.66545195144;False
heat system;1000000.0000000002;True
ti;0.0;False
heat storage;704120.9761843475;False
