label;P;P_set
power;285634.86651626223;False
heat system;1000000.0000000003;True
ti;0.0;False
heat storage;721511.3390412006;False
