label;P;P_set
power;285510.7925253969;False
heat system;1000000.0000000001;True
ti;0.0;False
heat storage;721626.9772877386;False
